concept_name,ytid,start_sec,num_clips,clip_duration_sec
violin,iEBX_ouEw1I,0,6,10
cello,sbgpF7gb9ds,30,6,10
acoustic_guitar,9wniwSCyDoA,10,6,10
electric_guitar,CS76zsa2h0Y,10,6,10
bass_guitar,RTthLmEYLbg,20,6,10
harp,vVTPbLhlbfI,135,6,10
flute,be1jJCH32OU,80,6,10
clarinet,8Qv5Gc69JA0,45,6,10
oboe,9eONG-gOYXw,10,6,10
saxophone,EwpvsUrgTxg,10,6,10
bassoon,pX9A5bib1FQ,45,6,10
trumpet,2nPwkb9ZyPQ,55,6,10
trombone,NQmz1ZkLcrg,10,6,10
french_horn,mW3Ay9FRyeM,5,6,10
tuba,OTWpW5pz_mU,50,6,10
piano,s-UjwvJ0eeA,100,6,10
organ,QO0X99y8kO4,70,6,10
accordion,9M4GzLkFcXQ,60,6,10
drums,y15_F0ftT3Q,10,6,10
xylophone,ix-QW-BShPY,40,6,10
marimba,LhCUkIxKNrc,50,6,10
timpani,PRTxPJfCKhY,40,6,10
harmonica,T9YpIiShbQU,50,6,10
banjo,vXNGj0Y0I2Q,0,6,10
ukulele,XMfhyMlBw40,10,6,10
